,Fold_0,Fold_1,Fold_2,Fold_3,Fold_4,Mean,Std
mae,0.32517615984766124,0.3263665117686755,0.31828859125950365,0.32432883081496233,0.3238465257973361,0.32360132389762775,0.002547576973069596
medae,0.17161628604052848,0.17888330522409612,0.17117162515567108,0.17310336416243666,0.17669923446306712,0.1742947630091599,0.0027442018501519323
r2,0.5582526617230346,0.5769992431810407,0.5728866208914756,0.5526104533118705,0.5621900561298827,0.5645878070474608,0.008289092595768528
d2,0.0,0.0,0.6142064543828651,0.5837106445361084,0.5930024312009046,0.35818390602397565,0.26712700346700013
acc,0.8281336826228467,0.8276573787409701,0.8340080971659919,0.8303564340716043,0.8295625942684767,0.8299436373739779,0.002055007830514875
f1,0.8196515437886944,0.8203096066981049,0.8228178420354623,0.8199454732857413,0.8218458938713106,0.8209140719358627,0.0011098176729068211
