,Fold_0,Fold_1,Fold_2,Fold_3,Fold_4,Mean,Std
mae,0.10750659164597108,0.10585960611769828,0.10776425669033653,0.10559257402605499,0.10499608716674043,0.10634382312936026,0.0009987405134224212
medae,0.03779846505765794,0.037839217527602775,0.041493351947784696,0.032176885639691566,0.04045584162550808,0.03795275235964901,0.002949537602538204
r2,0.8926950105658442,0.9006671606130476,0.8982381900441669,0.8989744208455379,0.9008634307701482,0.8982876425677488,0.0027095028343216256
d2,0.0,0.0,0.8806639412400294,0.8891481082008243,0.8510830416185526,0.5241790182118813,0.3908702819308803
acc,0.9530840676351512,0.9523696118123363,0.9522902278320236,0.9521314598713979,0.9550686671429706,0.952988806858776,0.0009951007014540193
f1,0.9522487661869463,0.9516199605096197,0.9510872660716516,0.9510980532850128,0.9541124549694269,0.9520333002045316,0.0010254939631219836
